network,n_nodes,n_edges,n_with_gender,n_communities,z_rand,w_observed,w_expected,overall_male_ratio,weighted_avg_imbalance,prop_significant_communities,prop_nodes_in_significant,max_imbalance,mean_community_size
Caltech36,762,16651,699,8,0.6925574869107266,19387.0,19327.87016654984,0.32474964234620884,0.17525035765379113,0.75,0.8526466380543634,0.26136363636363635,87.375
Reed98,962,18812,865,5,0.20128242357756776,44865.0,44838.968015414255,0.5826589595375723,0.08265895953757224,0.6,0.7398843930635838,0.15697674418604646,173.0
Haverford76,1446,59589,1350,5,1.7617782942317801,112441.0,112079.67961452928,0.5422222222222223,0.04962962962962962,0.4,0.5066666666666667,0.09313725490196079,270.0
Duke14,9885,506437,9038,11,22.676725160559872,3233057.0,3206704.973288712,0.48307147599026334,0.04226598805045363,0.36363636363636365,0.5243416685107325,0.5,821.6363636363636
